{
    "viridian forest": "Bosco Smeraldo",
    "pattern bush": "Pattern Bush",
    "route 2": "Percorso 2",
    "route 24": "Percorso 24",
    "route 25": "Percorso 25",
    "ilex forest (day/morning)": "Ilex Forest (day/morning)",
    "national park (day/morning/season0)": "National Park (day/morning/spring)",
    "national park (day/morning/season1)": "National Park (day/morning/summer)",
    "national park (day/morning/season2)": "National Park (day/morning/autumn)",
    "national park (day/morning/season3)": "National Park (day/morning/winter)",
    "route 30 (day/morning)": "Itinerario 30 (giorno/mattina)",
    "route 31 (day/morning/season0)": "Itinerario 31 (giorno/mattina/primavera)",
    "route 31 (day/morning/season1)": "Percorso 31 (giorno/mattina/estate)",
    "route 31 (day/morning/season2)": "Percorso 31 (giorno/mattina/autunno)",
    "route 31 (day/morning/season3)": "Percorso 31 (giorno/mattina/inverno)",
    "power plant": "Centrale Elettrica",
    "route 10": "Percorso 10",
    "new mauville": "New Mauville",
    "route 110": "Percorso 110",
    "team rocket hq": "Team Rocket Hq",
    "cerulean cave": "Cerulean Cave",
    "berry forest": "Berry Forest",
    "route 23": "Percorso 23",
    "safari zone": "Safari Zone",
    "cherrygrove city": "Cherrygrove City",
    "lake of rage": "Lake Of Rage",
    "mahogany town": "Mahogany Town",
    "new bark town": "New Bark Town",
    "route 29": "Percorso 29",
    "route 30": "Percorso 30",
    "route 31": "Percorso 31",
    "route 43": "Percorso 43",
    "route 44": "Percorso 44",
    "route 45": "Percorso 45",
    "route 46": "Percorso 46",
    "pokã©mon tower": "Pokemon Tower",
    "rock tunnel (day/morning)": "Rock Tunnel (day/morning)",
    "sevault canyon": "Sevault Canyon",
    "dark cave": "Dark Cave",
    "victory road": "Victory Road",
    "route 15": "Percorso 15",
    "challenger's cave": "Challenger's Cave",
    "route 215": "Percorso 215",
    "celadon city": "Celadon City",
    "pokã©mon mansion": "Pokemon Mansion",
    "fiery path": "Fiery Path",
    "stark mountain": "Stark Mountain",
    "burned tower": "Burned Tower",
    "route 12": "Percorso 12",
    "national park (day/morning)": "National Park (day/morning)",
    "route 30 (day/morning/season0)": "Route 30 (day/morning/spring)",
    "route 30 (day/morning/season1)": "Route 30 (day/morning/summer)",
    "route 30 (day/morning/season2)": "Route 30 (day/morning/autumn)",
    "route 30 (day/morning/season3)": "Route 30 (day/morning/winter)",
    "route 31 (day/morning)": "Route 31 (day/morning)",
    "route 227": "Route 227",
    "rock tunnel": "Rock Tunnel",
    "granite cave": "Granite Cave",
    "oreburgh gate": "Oreburgh Gate",
    "route 214": "Route 214",
    "route 228": "Route 228",
    "route 47": "Route 47",
    "route 21": "Route 21",
    "treasure beach": "Treasure Beach",
    "giant chasm": "Giant Chasm",
    "route 13": "Route 13",
    "route 16": "Route 16",
    "great marsh": "Great Marsh",
    "mt. silver": "Mt. Silver",
    "route 28": "Route 28",
    "canyon entrance": "Canyon Entrance",
    "cliff cave": "Cliff Cave",
    "bond bridge": "Bond Bridge",
    "cerulean city": "Cerulean City",
    "cinnabar island": "Cinnabar Island",
    "five island": "Five Island",
    "five isle meadow": "Five Isle Meadow",
    "green path": "Green Path",
    "icefall cave": "Icefall Cave",
    "kindle road": "Kindle Road",
    "memorial pillar": "Memorial Pillar",
    "one island": "One Island",
    "outcast island": "Outcast Island",
    "pallet town": "Pallet Town",
    "resort gorgeous": "Resort Gorgeous",
    "route 4": "Route 4",
    "route 11": "Route 11",
    "route 19": "Route 19",
    "route 20": "Route 20",
    "s.s. anne": "S.s. Anne",
    "seafoam islands": "Seafoam Islands",
    "tanoby ruins": "Tanoby Ruins",
    "trainer tower": "Trainer Tower",
    "vermilion city": "Vermilion City",
    "water labyrinth": "Water Labyrinth",
    "water path": "Water Path",
    "route 130": "Route 130",
    "route 131": "Route 131",
    "route 132": "Route 132",
    "route 133": "Route 133",
    "route 134": "Route 134",
    "sealed chamber": "Sealed Chamber",
    "p2 laboratory": "P2 Laboratory",
    "route 17": "Route 17",
    "route 18": "Route 18",
    "route 226": "Route 226",
    "cianwood city": "Cianwood City",
    "olivine city": "Olivine City",
    "route 40": "Route 40",
    "route 41": "Route 41",
    "whirl islands": "Whirl Islands",
    "cape brink": "Cape Brink",
    "four island": "Four Island",
    "fuchsia city": "Fuchsia City",
    "route 6": "Route 6",
    "route 22": "Route 22",
    "ruin valley": "Ruin Valley",
    "viridian city": "Viridian City",
    "meteor falls": "Meteor Falls",
    "petalburg city": "Petalburg City",
    "route 102": "Route 102",
    "route 111": "Route 111",
    "route 114": "Route 114",
    "route 117": "Route 117",
    "route 120": "Route 120",
    "route 123": "Route 123",
    "scorched slab": "Scorched Slab",
    "abundant shrine": "Abundant Shrine",
    "lostlorn forest": "Lostlorn Forest",
    "pinwheel forest": "Pinwheel Forest",
    "route 3": "Route 3",
    "route 14": "Route 14",
    "striaton city": "Striaton City",
    "celestic town": "Celestic Town",
    "lake acuity": "Lake Acuity",
    "lake valor": "Lake Valor",
    "lake verity": "Lake Verity",
    "resort area": "Resort Area",
    "route 203": "Route 203",
    "route 204": "Route 204",
    "route 208": "Route 208",
    "route 209": "Route 209",
    "route 212": "Route 212",
    "route 229": "Route 229",
    "sendoff spring": "Sendoff Spring",
    "twinleaf town": "Twinleaf Town",
    "mt. mortar": "Mt. Mortar",
    "mt. silver cave": "Mt. Silver Cave",
    "route 42": "Route 42",
    "slowpoke well": "Slowpoke Well",
    "tohjo falls": "Tohjo Falls",
    "union cave": "Union Cave",
    "route 24 (morning)": "Route 24 (morning)",
    "route 25 (day/morning)": "Route 25 (day/morning)",
    "azalea town": "Azalea Town",
    "ilex forest": "Ilex Forest",
    "route 34": "Route 34",
    "cerulean city (night)": "Cerulean City (night)",
    "route 19 (night)": "Route 19 (night)",
    "aqua hideout": "Aqua Hideout",
    "lilycove city": "Lilycove City",
    "canalave city": "Canalave City",
    "sunyshore city": "Sunyshore City",
    "cherrygrove city (night)": "Cherrygrove City (night)",
    "cianwood city (night)": "Cianwood City (night)",
    "olivine city (night)": "Olivine City (night)",
    "route 34 (night)": "Route 34 (night)",
    "route 40 (night)": "Route 40 (night)",
    "route 47 (night)": "Route 47 (night)",
    "union cave (night)": "Union Cave (night)",
    "route 103": "Route 103",
    "route 115": "Route 115",
    "sootopolis city": "Sootopolis City",
    "mt. coronet": "Mt. Coronet",
    "route 210": "Route 210",
    "route 218": "Route 218",
    "route 222": "Route 222",
    "route 37": "Route 37",
    "snowpoint temple": "Snowpoint Temple",
    "ice path": "Ice Path",
    "route 222 (day/morning)": "Route 222 (day/morning)",
    "mt. ember": "Mt. Ember",
    "fuego ironworks": "Fuego Ironworks",
    "fuego ironworks (day/morning)": "Fuego Ironworks (day/morning)",
    "mt. silver cave (day/morning)": "Mt. Silver Cave (day/morning)",
    "safari zone (day/morning)": "Safari Zone (day/morning)",
    "national park": "National Park",
    "route 38": "Route 38",
    "route 39": "Route 39",
    "route 48": "Route 48",
    "abandoned ship": "Abandoned Ship",
    "battle frontier": "Battle Frontier",
    "dewford town": "Dewford Town",
    "ever grande city": "Ever Grande City",
    "mossdeep city": "Mossdeep City",
    "pacifidlog town": "Pacifidlog Town",
    "route 104": "Route 104",
    "route 105": "Route 105",
    "route 106": "Route 106",
    "route 107": "Route 107",
    "route 108": "Route 108",
    "route 109": "Route 109",
    "route 118": "Route 118",
    "route 119": "Route 119",
    "route 121": "Route 121",
    "route 122": "Route 122",
    "route 124": "Route 124",
    "route 125": "Route 125",
    "route 126": "Route 126",
    "route 127": "Route 127",
    "route 128": "Route 128",
    "route 129": "Route 129",
    "seafloor cavern": "Seafloor Cavern",
    "shoal cave": "Shoal Cave",
    "slateport city": "Slateport City",
    "eterna city": "Eterna City",
    "iron island": "Iron Island",
    "pastoria city": "Pastoria City",
    "pokã©mon league": "Pokemon League",
    "ravaged path": "Ravaged Path",
    "route 205": "Route 205",
    "route 213": "Route 213",
    "route 219": "Route 219",
    "route 220": "Route 220",
    "route 221": "Route 221",
    "route 223": "Route 223",
    "route 224": "Route 224",
    "route 225": "Route 225",
    "route 230": "Route 230",
    "valley windworks": "Valley Windworks",
    "blackthorn city": "Blackthorn City",
    "cliff edge gate": "Cliff Edge Gate",
    "dragon's den": "Dragon's Den",
    "ecruteak city": "Ecruteak City",
    "route 26": "Route 26",
    "route 27": "Route 27",
    "route 32": "Route 32",
    "route 35": "Route 35",
    "ruins of alph": "Ruins Of Alph",
    "violet city": "Violet City",
    "dragonspiral tower": "Dragonspiral Tower",
    "mt. silver cave (night)": "Mt. Silver Cave (night)",
    "undella bay": "Undella Bay",
    "village bridge": "Village Bridge",
    "desert underpass": "Desert Underpass",
    "rusturf tunnel": "Rusturf Tunnel",
    "route 5": "Route 5",
    "route 33": "Route 33",
    "route 1": "Route 1",
    "route 7": "Route 7",
    "route 8": "Route 8",
    "route 8 (day)": "Route 8 (day)",
    "route 12 (day/morning)": "Route 12 (day/morning)",
    "route 14 (day/morning/season0)": "Route 14 (day/morning/spring)",
    "route 14 (day/morning/season1)": "Route 14 (day/morning/summer)",
    "route 14 (day/morning/season2)": "Route 14 (day/morning/autumn)",
    "route 14 (day/morning/season3)": "Route 14 (day/morning/winter)",
    "route 24 (day/morning)": "Route 24 (day/morning)",
    "ilex forest (day/morning/season0)": "Ilex Forest (day/morning/spring)",
    "ilex forest (day/morning/season1)": "Ilex Forest (day/morning/summer)",
    "ilex forest (day/morning/season2)": "Ilex Forest (day/morning/autumn)",
    "ilex forest (day/morning/season3)": "Ilex Forest (day/morning/winter)",
    "route 29 (day/morning/season0)": "Route 29 (day/morning/spring)",
    "route 29 (day/morning/season1)": "Route 29 (day/morning/summer)",
    "route 29 (day/morning/season2)": "Route 29 (day/morning/autumn)",
    "route 32 (day/morning)": "Route 32 (day/morning)",
    "route 34 (day/morning/season0)": "Route 34 (day/morning/spring)",
    "route 34 (day/morning/season1)": "Route 34 (day/morning/summer)",
    "route 34 (day/morning/season2)": "Route 34 (day/morning/autumn)",
    "route 34 (day/morning/season3)": "Route 34 (day/morning/winter)",
    "route 35 (day/morning)": "Route 35 (day/morning)",
    "route 36 (day/morning/season0)": "Route 36 (day/morning/spring)",
    "route 36 (day/morning/season1)": "Route 36 (day/morning/summer)",
    "route 36 (day/morning/season2)": "Route 36 (day/morning/autumn)",
    "route 36 (day/morning/season3)": "Route 36 (day/morning/winter)",
    "route 37 (day/morning/season0)": "Route 37 (day/morning/spring)",
    "route 37 (day/morning/season1)": "Route 37 (day/morning/summer)",
    "route 37 (day/morning/season2)": "Route 37 (day/morning/autumn)",
    "route 37 (day/morning/season3)": "Route 37 (day/morning/winter)",
    "safari zone (day/morning/season0)": "Safari Zone (day/morning/spring)",
    "safari zone (day/morning/season1)": "Safari Zone (day/morning/summer)",
    "safari zone (day/morning/season2)": "Safari Zone (day/morning/autumn)",
    "safari zone (day/morning/season3)": "Safari Zone (day/morning/winter)",
    "canyon entrance (day/morning)": "Canyon Entrance (day/morning)",
    "route 1 (day/morning/season0)": "Route 1 (day/morning/spring)",
    "route 1 (day/morning/season1)": "Route 1 (day/morning/summer)",
    "route 1 (day/morning/season2)": "Route 1 (day/morning/autumn)",
    "route 1 (day/morning/season3)": "Route 1 (day/morning/winter)",
    "route 29 (day/morning/season3)": "Route 29 (day/morning/winter)",
    "route 43 (day/morning)": "Route 43 (day/morning)",
    "water path (day/morning)": "Water Path (day/morning)",
    "route 1 (night)": "Route 1 (night)",
    "route 2 (night)": "Route 2 (night)",
    "route 5 (night)": "Route 5 (night)",
    "route 8 (night)": "Route 8 (night)",
    "route 11 (night)": "Route 11 (night)",
    "route 25 (night)": "Route 25 (night)",
    "viridian forest (night)": "Viridian Forest (night)",
    "dreamyard": "Dreamyard",
    "eterna forest (night)": "Eterna Forest (night)",
    "great marsh (night)": "Great Marsh (night)",
    "route 205 (night)": "Route 205 (night)",
    "route 210 (night)": "Route 210 (night)",
    "route 211 (night)": "Route 211 (night)",
    "ilex forest (night)": "Ilex Forest (night)",
    "national park (night)": "National Park (night)",
    "pokã©athlon dome": "Pokã©athlon Dome",
    "route 29 (night)": "Route 29 (night)",
    "route 30 (night)": "Route 30 (night)",
    "route 31 (night)": "Route 31 (night)",
    "route 32 (night)": "Route 32 (night)",
    "route 35 (night)": "Route 35 (night)",
    "route 36 (night)": "Route 36 (night)",
    "route 36": "Route 36",
    "route 37 (night)": "Route 37 (night)",
    "route 13 (night)": "Route 13 (night)",
    "route 14 (night)": "Route 14 (night)",
    "route 15 (night)": "Route 15 (night)",
    "abundant shrine (night)": "Abundant Shrine (night)",
    "acuity lakefront (night)": "Acuity Lakefront (night)",
    "lake acuity (night/season0)": "Lake Acuity (night/spring)",
    "lake acuity (night/season1)": "Lake Acuity (night/summer)",
    "lake acuity (night/season2)": "Lake Acuity (night/autumn)",
    "lake acuity (night/season3)": "Lake Acuity (night/winter)",
    "lake valor (night)": "Lake Valor (night)",
    "mt. coronet (night/season0)": "Mt. Coronet (night/spring)",
    "mt. coronet (night/season1)": "Mt. Coronet (night/summer)",
    "mt. coronet (night/season2)": "Mt. Coronet (night/autumn)",
    "mt. coronet (night/season3)": "Mt. Coronet (night/winter)",
    "route 216 (night)": "Route 216 (night)",
    "route 217 (night/season0)": "Route 217 (night/spring)",
    "route 217 (night/season1)": "Route 217 (night/summer)",
    "route 217 (night/season2)": "Route 217 (night/autumn)",
    "route 217 (night/season3)": "Route 217 (night/winter)",
    "sendoff spring (night)": "Sendoff Spring (night)",
    "route 26 (night)": "Route 26 (night)",
    "route 27 (night)": "Route 27 (night)",
    "route 38 (night)": "Route 38 (night)",
    "route 39 (night)": "Route 39 (night)",
    "route 43 (night)": "Route 43 (night)",
    "safari zone gate": "Safari Zone Gate",
    "pattern bush (day/morning)": "Pattern Bush (day/morning)",
    "viridian forest (morning)": "Viridian Forest (morning)",
    "national park (morning)": "National Park (morning)",
    "route 31 (morning)": "Route 31 (morning)",
    "route 36 (morning/season0)": "Route 36 (morning/spring)",
    "route 36 (morning/season1)": "Route 36 (morning/summer)",
    "route 36 (morning/season2)": "Route 36 (morning/autumn)",
    "route 36 (morning/season3)": "Route 36 (morning/winter)",
    "route 37 (morning)": "Route 37 (morning)",
    "pattern bush (morning)": "Pattern Bush (morning)",
    "dreamyard (day/morning)": "Dreamyard (day/morning)",
    "route 229 (morning)": "Route 229 (morning)",
    "pattern bush (day/night)": "Pattern Bush (day/night)",
    "pattern bush (night)": "Pattern Bush (night)",
    "sky pillar (night)": "Sky Pillar (night)",
    "dreamyard (night)": "Dreamyard (night)",
    "route 229 (night)": "Route 229 (night)",
    "bond bridge (day/morning/season3)": "Bond Bridge (day/morning/winter)",
    "route 7 (day/morning/season0)": "Route 7 (day/morning/spring)",
    "route 7 (day/morning/season1)": "Route 7 (day/morning/summer)",
    "route 7 (day/morning/season2)": "Route 7 (day/morning/autumn)",
    "route 8 (day/morning/season0)": "Route 8 (day/morning/spring)",
    "route 8 (day/morning/season1)": "Route 8 (day/morning/summer)",
    "route 8 (day/morning/season2)": "Route 8 (day/morning/autumn)",
    "route 11 (day/morning/season0)": "Route 11 (day/morning/spring)",
    "route 11 (day/morning/season1)": "Route 11 (day/morning/summer)",
    "route 11 (day/morning/season2)": "Route 11 (day/morning/autumn)",
    "route 12 (day/morning/season3)": "Route 12 (day/morning/winter)",
    "route 13 (day/morning/season3)": "Route 13 (day/morning/winter)",
    "route 37 (day/season0)": "Route 37 (day/spring)",
    "route 37 (day/season1)": "Route 37 (day/summer)",
    "route 37 (day/season2)": "Route 37 (day/autumn)",
    "route 37 (day/season3)": "Route 37 (day/winter)",
    "route 38 (day/morning/season0)": "Route 38 (day/morning/spring)",
    "route 38 (day/morning/season1)": "Route 38 (day/morning/summer)",
    "route 38 (day/morning/season2)": "Route 38 (day/morning/autumn)",
    "route 38 (day/morning/season3)": "Route 38 (day/morning/winter)",
    "route 39 (day/morning)": "Route 39 (day/morning)",
    "route 39 (day/morning/season0)": "Route 39 (day/morning/spring)",
    "route 39 (day/morning/season1)": "Route 39 (day/morning/summer)",
    "route 39 (day/morning/season2)": "Route 39 (day/morning/autumn)",
    "route 39 (day/morning/season3)": "Route 39 (day/morning/winter)",
    "route 43 (day/morning/season0)": "Route 43 (day/morning/spring)",
    "route 43 (day/morning/season1)": "Route 43 (day/morning/summer)",
    "route 43 (day/morning/season2)": "Route 43 (day/morning/autumn)",
    "route 43 (day/morning/season3)": "Route 43 (day/morning/winter)",
    "underwater": "Underwater",
    "driftveil city": "Driftveil City",
    "mirage tower": "Mirage Tower",
    "ruin valley (day/morning)": "Ruin Valley (day/morning)",
    "altering cave": "Altering Cave",
    "route 112": "Route 112",
    "route 215 (night/season0)": "Route 215 (night/spring)",
    "route 215 (night/season1)": "Route 215 (night/summer)",
    "route 215 (night/season2)": "Route 215 (night/autumn)",
    "jagged pass": "Jagged Pass",
    "moor of icirrus": "Moor Of Icirrus",
    "five isle meadow (day/morning)": "Five Isle Meadow (day/morning)",
    "memorial pillar (day/morning)": "Memorial Pillar (day/morning)",
    "resort gorgeous (day/morning)": "Resort Gorgeous (day/morning)",
    "route 11 (day/morning)": "Route 11 (day/morning)",
    "route 13 (day/morning)": "Route 13 (day/morning)",
    "route 14 (day/morning)": "Route 14 (day/morning)",
    "route 15 (day/morning)": "Route 15 (day/morning)",
    "water labyrinth (day/morning)": "Water Labyrinth (day/morning)",
    "route 33 (day/morning)": "Route 33 (day/morning)",
    "route 9": "Route 9",
    "route 33 (night)": "Route 33 (night)",
    "sprout tower": "Sprout Tower",
    "honey tree": "Honey Tree",
    "route 24 (day)": "Route 24 (day)",
    "national park (day)": "National Park (day)",
    "safari zone (day)": "Safari Zone (day)",
    "route 10 (night)": "Route 10 (night)",
    "cliff cave (night)": "Cliff Cave (night)",
    "ruins of alph (night)": "Ruins Of Alph (night)",
    "safari zone (night)": "Safari Zone (night)",
    "ruin valley (night)": "Ruin Valley (night)",
    "lost cave": "Lost Cave",
    "lost cave (night)": "Lost Cave (night)",
    "route 7 (night)": "Route 7 (night)",
    "route 16 (night)": "Route 16 (night)",
    "route 18 (night)": "Route 18 (night)",
    "celestial tower": "Celestial Tower",
    "route 209 (night)": "Route 209 (night)",
    "route 226 (day/morning/season3)": "Route 226 (day/morning/winter)",
    "bell tower": "Bell Tower",
    "route 39 (night/season0)": "Route 39 (night/spring)",
    "route 39 (night/season1)": "Route 39 (night/summer)",
    "route 39 (night/season2)": "Route 39 (night/autumn)",
    "dilford chamber": "Dilford Chamber",
    "liptoo chamber": "Liptoo Chamber",
    "monean chamber": "Monean Chamber",
    "rixy chamber": "Rixy Chamber",
    "scufib chamber": "Scufib Chamber",
    "viapois chamber": "Viapois Chamber",
    "weepth chamber": "Weepth Chamber",
    "solaceon ruins": "Solaceon Ruins",
    "artisan cave": "Artisan Cave",
    "valor lakefront": "Valor Lakefront",
    "diglett's cave": "Diglett's Cave",
    "three isle port": "Three Isle Port",
    "route 206": "Route 206",
    "relic castle": "Relic Castle",
    "route 5 (day/morning)": "Route 5 (day/morning)",
    "route 6 (day/morning)": "Route 6 (day/morning)",
    "route 7 (day/morning)": "Route 7 (day/morning)",
    "route 8 (day/morning)": "Route 8 (day/morning)",
    "route 34 (day/morning)": "Route 34 (day/morning)",
    "route 4 (day/morning)": "Route 4 (day/morning)",
    "route 9 (day/morning)": "Route 9 (day/morning)",
    "route 226 (day/morning)": "Route 226 (day/morning)",
    "route 33 (day/morning/season3)": "Route 33 (day/morning/winter)",
    "route 33 (day/morning/season0)": "Route 33 (day/morning/spring)",
    "route 33 (day/morning/season1)": "Route 33 (day/morning/summer)",
    "route 33 (day/morning/season2)": "Route 33 (day/morning/autumn)",
    "route 42 (day/morning/season0)": "Route 42 (day/morning/spring)",
    "route 42 (day/morning/season1)": "Route 42 (day/morning/summer)",
    "route 42 (day/morning/season2)": "Route 42 (day/morning/autumn)",
    "route 42 (day/morning/season3)": "Route 42 (day/morning/winter)",
    "route 46 (day/morning/season0)": "Route 46 (day/morning/spring)",
    "route 46 (day/morning/season1)": "Route 46 (day/morning/summer)",
    "route 46 (day/morning/season2)": "Route 46 (day/morning/autumn)",
    "route 46 (day/morning/season3)": "Route 46 (day/morning/winter)",
    "route 47 (day/morning)": "Route 47 (day/morning)",
    "cold storage": "Cold Storage",
    "acuity lakefront": "Acuity Lakefront",
    "route 216": "Route 216",
    "route 217": "Route 217",
    "ice path (night)": "Ice Path (night)",
    "mt. silver (night/season0)": "Mt. Silver (night/spring)",
    "mt. silver (night/season1)": "Mt. Silver (night/summer)",
    "mt. silver (night/season2)": "Mt. Silver (night/autumn)",
    "mt. silver (night/season3)": "Mt. Silver (night/winter)",
    "route 28 (night/season0)": "Route 28 (night/spring)",
    "route 28 (night/season1)": "Route 28 (night/summer)",
    "route 28 (night/season2)": "Route 28 (night/autumn)",
    "route 28 (night/season3)": "Route 28 (night/winter)",
    "route 16 (day/morning)": "Route 16 (day/morning)",
    "route 18 (day/morning)": "Route 18 (day/morning)",
    "route 113": "Route 113",
    "route 10 (day/morning)": "Route 10 (day/morning)",
    "route 17 (day/morning)": "Route 17 (day/morning)",
    "route 225 (day/morning)": "Route 225 (day/morning)",
    "route 226 (day/morning/season0)": "Route 226 (day/morning/spring)",
    "route 226 (day/morning/season1)": "Route 226 (day/morning/summer)",
    "route 226 (day/morning/season2)": "Route 226 (day/morning/autumn)",
    "route 227 (day/morning)": "Route 227 (day/morning)",
    "route 42 (day/morning)": "Route 42 (day/morning)",
    "route 48 (day/morning)": "Route 48 (day/morning)",
    "route 48 (day/morning/season0)": "Route 48 (day/morning/spring)",
    "route 48 (day/morning/season1)": "Route 48 (day/morning/summer)",
    "route 48 (day/morning/season2)": "Route 48 (day/morning/autumn)",
    "route 48 (day/morning/season3)": "Route 48 (day/morning/winter)",
    "cerulean city (day/morning)": "Cerulean City (day/morning)",
    "route 19 (day/morning)": "Route 19 (day/morning)",
    "undella town": "Undella Town",
    "cherrygrove city (day/morning)": "Cherrygrove City (day/morning)",
    "cianwood city (day/morning)": "Cianwood City (day/morning)",
    "olivine city (day/morning)": "Olivine City (day/morning)",
    "route 40 (day/morning)": "Route 40 (day/morning)",
    "union cave (day/morning)": "Union Cave (day/morning)",
    "twist mountain": "Twist Mountain",
    "route 211": "Route 211",
    "valor lakefront (night)": "Valor Lakefront (night)",
    "cave of origin": "Cave Of Origin",
    "desert resort": "Desert Resort",
    "trial chamber": "Trial Chamber",
    "route 202": "Route 202",
    "trophy garden": "Trophy Garden",
    "petalburg woods": "Petalburg Woods",
    "route 101": "Route 101",
    "route 116": "Route 116",
    "eterna forest": "Eterna Forest",
    "route 204 (day/morning)": "Route 204 (day/morning)",
    "route 205 (day/morning)": "Route 205 (day/morning)",
    "mt. moon": "Mt. Moon",
    "mirage tower (day/morning)": "Mirage Tower (day/morning)",
    "route 111 (day/morning)": "Route 111 (day/morning)",
    "route 114 (night/morning)": "Route 114 (night/morning)",
    "petalburg city (night)": "Petalburg City (night)",
    "route 102 (night)": "Route 102 (night)",
    "route 123 (night)": "Route 123 (night)",
    "route 114 (day/morning)": "Route 114 (day/morning)",
    "petalburg woods (day/morning)": "Petalburg Woods (day/morning)",
    "mt. pyre": "Mt. Pyre",
    "driftveil drawbridge": "Driftveil Drawbridge",
    "route 126 (day/morning)": "Route 126 (day/morning)",
    "marvelous bridge": "Marvelous Bridge",
    "route 212 (day/morning)": "Route 212 (day/morning)",
    "granite cave (night/morning)": "Granite Cave (night/morning)",
    "sky pillar": "Sky Pillar",
    "granite cave (day/morning)": "Granite Cave (day/morning)",
    "mt. pyre (day/morning)": "Mt. Pyre (day/morning)",
    "route 117 (night)": "Route 117 (night)",
    "route 117 (day/morning)": "Route 117 (day/morning)",
    "magma hideout": "Magma Hideout",
    "mirage tower (night)": "Mirage Tower (night)",
    "route 111 (night)": "Route 111 (night)",
    "chargestone cave": "Chargestone Cave",
    "meteor falls (night/morning)": "Meteor Falls (night/morning)",
    "giant chasm (night/morning)": "Giant Chasm (night/morning)",
    "route 13 (night/morning)": "Route 13 (night/morning)",
    "meteor falls (day/morning)": "Meteor Falls (day/morning)",
    "giant chasm (day/morning)": "Giant Chasm (day/morning)",
    "icirrus city": "Icirrus City",
    "route 3 (night)": "Route 3 (night)",
    "route 4 (night)": "Route 4 (night)",
    "route 225 (night)": "Route 225 (night)",
    "route 226 (night)": "Route 226 (night)",
    "route 227 (night)": "Route 227 (night)",
    "stark mountain (night)": "Stark Mountain (night)",
    "turnback cave": "Turnback Cave",
    "shoal cave (night/season1)": "Shoal Cave (night/summer)",
    "acuity lakefront (night/season0)": "Acuity Lakefront (night/spring)",
    "acuity lakefront (night/season1)": "Acuity Lakefront (night/summer)",
    "acuity lakefront (night/season2)": "Acuity Lakefront (night/autumn)",
    "acuity lakefront (night/season3)": "Acuity Lakefront (night/winter)",
    "lake acuity (night)": "Lake Acuity (night)",
    "route 216 (night/season0)": "Route 216 (night/spring)",
    "route 216 (night/season1)": "Route 216 (night/summer)",
    "route 216 (night/season2)": "Route 216 (night/autumn)",
    "route 216 (night/season3)": "Route 216 (night/winter)",
    "pokã©mon mansion (night/morning)": "Pokemon Mansion (night/morning)",
    "route 7 (morning)": "Route 7 (morning)",
    "route 8 (night/morning)": "Route 8 (night/morning)",
    "route 36 (night/morning)": "Route 36 (night/morning)",
    "great marsh (day/morning)": "Great Marsh (day/morning)",
    "route 201": "Route 201",
    "route 210 (day/morning)": "Route 210 (day/morning)",
    "route 215 (day/morning)": "Route 215 (day/morning)",
    "valor lakefront (day/morning/season0)": "Valor Lakefront (day/morning/spring)",
    "valor lakefront (day/morning/season1)": "Valor Lakefront (day/morning/summer)",
    "valor lakefront (day/morning/season2)": "Valor Lakefront (day/morning/autumn)",
    "village bridge (night)": "Village Bridge (night)",
    "valor lakefront (day/morning/season3)": "Valor Lakefront (day/morning/winter)",
    "eterna forest (night/morning)": "Eterna Forest (night/morning)",
    "route 201 (night/morning)": "Route 201 (night/morning)",
    "route 202 (night/morning)": "Route 202 (night/morning)",
    "route 203 (night/morning)": "Route 203 (night/morning)",
    "route 204 (night/morning/season0)": "Route 204 (night/morning/spring)",
    "route 204 (night/morning/season1)": "Route 204 (night/morning/summer)",
    "route 204 (night/morning/season2)": "Route 204 (night/morning/autumn)",
    "route 204 (night/morning/season3)": "Route 204 (night/morning/winter)",
    "route 204 (night)": "Route 204 (night)",
    "route 205 (night/morning)": "Route 205 (night/morning)",
    "route 206 (night/morning)": "Route 206 (night/morning)",
    "route 207 (night/morning)": "Route 207 (night/morning)",
    "dreamyard (night/morning)": "Dreamyard (night/morning)",
    "route 212 (night)": "Route 212 (night)",
    "eterna forest (day/morning)": "Eterna Forest (day/morning)",
    "route 208 (day/morning)": "Route 208 (day/morning)",
    "route 9 (night)": "Route 9 (night)",
    "maniac tunnel": "Maniac Tunnel",
    "oreburgh mine": "Oreburgh Mine",
    "route 203 (night)": "Route 203 (night)",
    "route 206 (night)": "Route 206 (night)",
    "route 207 (night)": "Route 207 (night)",
    "route 208 (night)": "Route 208 (night)",
    "route 214 (night)": "Route 214 (night)",
    "ruin maniac cave": "Ruin Maniac Cave",
    "wayward cave": "Wayward Cave",
    "route 32 (night/morning)": "Route 32 (night/morning)",
    "route 42 (night)": "Route 42 (night)",
    "route 213 (night)": "Route 213 (night)",
    "mt. coronet (night)": "Mt. Coronet (night)",
    "mt. silver (night)": "Mt. Silver (night)",
    "route 25 (night/morning)": "Route 25 (night/morning)",
    "route 224 (night)": "Route 224 (night)",
    "route 230 (night)": "Route 230 (night)",
    "route 213 (day/morning)": "Route 213 (day/morning)",
    "route 218 (day/morning)": "Route 218 (day/morning)",
    "route 224 (day/morning)": "Route 224 (day/morning)",
    "guidance chamber": "Guidance Chamber",
    "route 207": "Route 207",
    "acuity lakefront (day/morning)": "Acuity Lakefront (day/morning)",
    "old chateau": "Old Chateau",
    "route 12 (night)": "Route 12 (night)",
    "route 24 (night)": "Route 24 (night)",
    "route 43 (night/morning)": "Route 43 (night/morning)",
    "cerulean cave (night)": "Cerulean Cave (night)",
    "pinwheel forest (day/morning)": "Pinwheel Forest (day/morning)",
    "route 3 (day/morning)": "Route 3 (day/morning)",
    "wellspring cave": "Wellspring Cave",
    "mistralton cave": "Mistralton Cave",
    "canyon entrance (night)": "Canyon Entrance (night)",
    "pinwheel forest (night)": "Pinwheel Forest (night)",
    "lostlorn forest (day/morning)": "Lostlorn Forest (day/morning)",
    "desert resort (night)": "Desert Resort (night)",
    "pokã©mon mansion (day/morning)": "Pokemon Mansion (day/morning)",
    "route 7 (day)": "Route 7 (day)",
    "route 36 (day/morning)": "Route 36 (day/morning)",
    "route 44 (night)": "Route 44 (night)",
    "route 28 (night)": "Route 28 (night)",
    "acuity lakefront (day/morning/season0)": "Acuity Lakefront (day/morning/spring)",
    "acuity lakefront (day/morning/season2)": "Acuity Lakefront (day/morning/autumn)",
    "acuity lakefront (day/morning/season3)": "Acuity Lakefront (day/morning/winter)",
    "route 217 (day/morning/season0)": "Route 217 (day/morning/spring)",
    "route 217 (day/morning/season2)": "Route 217 (day/morning/autumn)",
    "route 217 (day/morning/season3)": "Route 217 (day/morning/winter)",
    "route 230 (day/morning)": "Route 230 (day/morning)",
    "five isle meadow (night)": "Five Isle Meadow (night)",
    "memorial pillar (night)": "Memorial Pillar (night)",
    "resort gorgeous (night)": "Resort Gorgeous (night)",
    "route 47 (day/morning/season0)": "Route 47 (day/morning/spring)",
    "route 47 (day/morning/season1)": "Route 47 (day/morning/summer)",
    "route 47 (day/morning/season2)": "Route 47 (day/morning/autumn)",
    "route 47 (day/morning/season3)": "Route 47 (day/morning/winter)",
    "route 22 (day/morning)": "Route 22 (day/morning)",
    "route 26 (day/morning)": "Route 26 (day/morning)",
    "route 27 (day/morning)": "Route 27 (day/morning)",
    "mt. silver (day/morning)": "Mt. Silver (day/morning)",
    "route 28 (day/morning)": "Route 28 (day/morning)",
    "sprout tower (night)": "Sprout Tower (night)",
    "bell tower (day/night)": "Bell Tower (day/night)",
    "route 6 (night)": "Route 6 (night)"
}